Term	English	Dutch	French	German	Spanish	Italian
Patient enter patient data	Enter patient data ...	Voer patient gegevens in ...	Saisir les données du patient...	Geben Sie Patientendaten ein...	Ingrese los datos del paciente...	Inserisci i dati del paziente...
Patient enter age or weight and height	Enter an age, or a weight AND a height	Voer een leeftijd in, of een gewicht EN een lengte	Saisissez un âge, ou un poids ET une taille	Geben Sie ein Alter ein, oder ein Gewicht UND eine Größe	Ingrese una edad, o un peso Y una talla	Inserisci un'età, o un peso E un'altezza
Patient Age	Age	Leeftijd	Âge	Alter	Edad	Età
Patient GA Age	Gest. Age	Zwangerschapstermijn	Âge gestationnel	Schwangerschaftsalter	Edad gestacional	Età gestazionale
Patient Age year	year	jaar	année	Jahr	año	anno
Patient Age years	years	jaren	années	Jahre	años	anni
Patient Age month	month	maand	mois	Monat	mes	mese
Patient Age months	months	maanden	mois	Monate	meses	mesi
Patient Age week	week	week	semaine	Woche	semana	settimana
Patient Age weeks	weeks	weken	semaines	Wochen	semanas	settimane
Patient Age day	day	dag	jour	Tag	día	giorno
Patient Age days	days	dagen	jours	Tage	días	giorni
Patient Estimated	estimated	geschat	estimé	geschätzt	estimado	stimato
Patient Years	Year	Jaar	Année	Jahr	Año	Anno
Patient Months	Month	Maand	Mois	Monat	Mes	Mese
Patient Weeks	Week	Week	Semaine	Woche	Semana	Settimana
Patient Days	Day	Dag	Jour	Tag	Día	Giorno
Patient Weight	Weight	Gewicht	Poids	Gewicht	Peso	Peso
Patient Length	Length	Lengte	Longueur	Länge	Altura	Lunghezza
Patient remove patient data	Remove	Verwijder	Supprimer	Entfernen	Eliminar	Rimuovi
Emergency List	Emergency List	Noodlijst	Liste d'urgence	Notfallliste	Lista de emergencia	Lista d'emergenza
Emergency List show when patient data	Will be shown when patient data is entered	Wordt getoond na invoer van patient gegevens	Sera affiché lorsque les données du patient seront saisies	Wird angezeigt, wenn Patientendaten eingegeben werden	Se mostrará cuando se ingresen los datos del paciente	Verrà mostrata quando vengono inseriti i dati del paziente
Emergency List Catagory	Catagory	Categorie	Indication	Indikation	Indicación	Indicazione
Emergency List Intervention	Intervention	Interventie	Intervention	Intervention	Intervención	Intervento
Emergency List Calculated	Calculation	Berekend	Calcul	Berechnung	Cálculo	Calcolo
Emergency List Preparation	Preparation	Bereiding	Préparation	Vorbereitung	Preparación	Preparazione
Emergency List Advice	Advised	Advies	Conseillé	Empfohlen	Recomendado	Consigliato
Continuous Medication List	Continuous Medication	Infuuspomp	Médication continue	Dauermedikation	Medicación continua	Terapia continua
Continuous Medication List show when patient data	Will be shown when patient data is entered	Wordt getoond na invoer van patient gegevens	Sera affiché lorsque les données du patient seront saisies	Wird angezeigt, wenn Patientendaten eingegeben werden	Se mostrará cuando se ingresen los datos del paciente	Verrà mostrata quando vengono inseriti i dati del paziente
Continuous Medication Catagory	Catagory	Categorie	Indication	Indikation	Indicación	Indicazione
Continuous Medication Medication	Medication	Medicatie	Médicament	Medikament	Medicamento	Farmaco
Continuous Medication Quantity	Quantity	Hoeveelheid	Quantité	Menge	Cantidad	Quantità
Continuous Medication Solution	Solution	Oplossing	Solution	Lösung	Solución	Soluzione
Continuous Medication Dose	Dose	Dosering	Dose	Dosis	Dosis	Dose
Continuous Medication Advice	Advice	Advies	Conseil	Rat	Consejo	Consiglio
Prescribe	Prescribe	Voorschrijven	Prescrire	Verschreiben	Prescribir	Prescrivi
Prescribe Scenarios	Medication scenarios	Medicatie scenario's	Scénarios de médication	Medikationsszenarien	Escenarios de medicación	Scenari di terapia
Prescribe Indications	Indications	Indicaties	Indications	Indikationen	Indicaciones	Indicazioni
Prescribe Medications	Medications	Medicatie	Médicaments	Medikamente	Medicamentos	Farmaci
Prescribe Routes	Routes	Routes	Voies	Routen	Rutas	Vie
Prescribe Prescription	Prescription	Voorschrift	Ordonnance	Verschreibung	Prescripción	Prescrizione
Prescribe Preparation	Preparation	Bereiding	Préparation	Vorbereitung	Preparación	Preparazione
Prescribe Administration	Administration	Toediening	Administration	Verabreichung	Administración	Amministrazione
Prescribe Age unknown	Age unknown: only dose rules without an age bound are offered	Leeftijd onbekend: alleen doseerregels zonder leeftijdsgrens worden getoond	Âge inconnu : seules les règles de dosage sans limite d'âge sont proposées	Alter unbekannt: nur Dosierregeln ohne Altersgrenze werden angeboten	Edad desconocida: solo se ofrecen reglas de dosificación sin límite de edad	Età sconosciuta: vengono proposte solo le regole di dosaggio senza limite di età
Prescribe Weight and height unknown	Weight and height unknown: enter them, there is no estimate	Gewicht en lengte onbekend: voer ze in, er is geen schatting	Poids et taille inconnus : saisissez-les, il n'y a pas d'estimation	Gewicht und Größe unbekannt: geben Sie sie ein, es gibt keine Schätzung	Peso y talla desconocidos: introdúzcalos, no hay estimación	Peso e altezza sconosciuti: inseriscili, non c'è una stima
Prescribe Weight unknown	Weight unknown: enter it, there is no estimate	Gewicht onbekend: voer het in, er is geen schatting	Poids inconnu : saisissez-le, il n'y a pas d'estimation	Gewicht unbekannt: geben Sie es ein, es gibt keine Schätzung	Peso desconocido: introdúzcalo, no hay estimación	Peso sconosciuto: inseriscilo, non c'è una stima
Prescribe Height unknown	Height unknown: enter it, there is no estimate	Lengte onbekend: voer die in, er is geen schatting	Taille inconnue : saisissez-la, il n'y a pas d'estimation	Größe unbekannt: geben Sie sie ein, es gibt keine Schätzung	Talla desconocida: introdúzcala, no hay estimación	Altezza sconosciuta: inseriscila, non c'è una stima
Nutrition	Nutrition	Voeding	Nutrition	Ernährung	Nutrición	Nutrizione
Order Plan	Order Plan	Order Plan	Plan de traitement	Behandlungsplan	Plan de tratamiento	Piano di trattamento
Order	Order	Order	Ordonnance	Anweisung	Orden	Prescrizione
Order Frequency	frequency	frequentie	fréquence	häufigkeit	frecuencia	frequenza
Order Dose	dose	keer dosis	dose	dosis	dosis	dose
Order Adjusted dose	adjusted dose	dosering	dose ajustée	angepasste dosis	dosis ajustada	dose regolata
Order Quantity	quantity	hoeveelheid	quantité	menge	cantidad	quantità
Order Concentration	concentration	concentratie	concentration	konzentration	concentración	concentrazione
Order Drip rate	drip rate	inloop snelheid	débit de perfusion	tropfgeschwindigkeit	velocidad de goteo	velocità di infusione
Order Administration time	administration time	toedientijd	heure d'administration	verabreichungszeit	hora de administración	ora di somministrazione
Formulary	Formulary	Formularium	Formule	Formel	Formulario	Formulario
Formulary Medications	Medications	Medicatie	Médicament	Medikament	Medicamento	Farmaco
Formulary Indications	Indications	Indicaties	Indications	Indikationen	Indicaciones	Indicazioni
Formulary Routes	Routes	Routes	Voies	Routen	Rutas	Vie
Formulary Patients	Patients	Patienten	Patients	Patienten	Pacientes	Pazienti
Parenteralia	Parenteralia	Parenteralia	Parentéraux	Parenteralia	Parenteralia	Farmaci parenterali
Interactions	Interactions	Interacties	Interactions	Interaktionen	Interacciones	Interazioni
Delete	Delete	Verwijder	Supprimer	Löschen	Eliminar	Elimina
Reset	Reset	Reset	Réinitialiser	Zurücksetzen	Restablecer	Reimposta
Edit	Edit	Bewerken	modifier	bearbeiten	editar	modificare
Ok	Ok	Ok	D'accord	Ok	Vale	Okay
Sort By	Sort By	Sorteren op	Trier par	Sortieren nach	Ordenar por	Ordina per
Disclaimer	Disclaimer ONLY FOR TEST/DEMO	Disclaimer ALLEEN VOOR TEST/DEMO	Clause de non-responsabilité	Haftungsausschluss	Descargo de responsabilidad	Esclusione di responsabilità
Disclaimer text	FOR TESTING/DEMO PURPOSES ONLY!! This application is intended solely for test use by healthcare professionals. The application is NOT MDR CERTIFIED and therefore cannot be used for clinical medical purposes. This application is exclusively intended for testing by healthcare professionals. It is not intended for use by patients or the general public. The information provided is not intended to replace the advice of a healthcare professional. The information provided is not intended for the diagnosis or treatment of a health problem or disease.	ALLEEN VOOR TEST/DEMO DOELEINDEN!! Deze applicatie is uitsluitend bedoeld voor testgebruik door zorgprofessionals. De applicatie is NIET MDR GECERTIFICEERD, en kan dus ook niet voor klinisch medische doeleinden worden gebruikt. Deze applicatie is uitsluitend bedoeld voor testen door zorgprofessionals. Het is niet bedoeld voor gebruik door patiënten of het algemene publiek. De verstrekte informatie is niet bedoeld ter vervanging van het advies van een zorgprofessional. De verstrekte informatie is niet bedoeld voor de diagnose of behandeling van een gezondheidsprobleem of ziekte.	POUR DES TESTS/DEMONSTRATIONS UNIQUEMENT !! Cette application est destinée exclusivement à un usage de test par des professionnels de la santé. L'application N'EST PAS CERTIFIÉE MDR et ne peut donc pas être utilisée à des fins médicales cliniques. Cette application est exclusivement destinée aux tests par des professionnels de la santé. Elle n'est pas destinée à être utilisée par les patients ou le grand public. Les informations fournies ne sont pas destinées à remplacer les conseils d'un professionnel de la santé. Les informations fournies ne sont pas destinées au diagnostic ou au traitement d'un problème de santé ou d'une maladie.	NUR FÜR TEST-/DEMONSTRATIONSZWECKE!! Diese Anwendung ist ausschließlich für Testzwecke durch medizinisches Fachpersonal vorgesehen. Die Anwendung IST NICHT MDR-ZERTIFIZIERT und darf daher nicht für klinische medizinische Zwecke verwendet werden. Diese Anwendung ist ausschließlich für Tests durch medizinisches Fachpersonal gedacht. Sie ist nicht für die Verwendung durch Patienten oder die allgemeine Öffentlichkeit vorgesehen. Die bereitgestellten Informationen sollen nicht den Rat eines medizinischen Fachpersonals ersetzen. Die bereitgestellten Informationen sind nicht für die Diagnose oder Behandlung von Gesundheitsproblemen oder Krankheiten gedacht.	SOLO PARA FINES DE PRUEBA/DEMOSTRACIÓN!! Esta aplicación está destinada exclusivamente para el uso de prueba por parte de profesionales de la salud. La aplicación NO ESTÁ CERTIFICADA POR LA MDR y, por lo tanto, no puede utilizarse con fines médicos clínicos. Esta aplicación está exclusivamente destinada a ser utilizada en pruebas por profesionales de la salud. No está destinada para su uso por parte de pacientes o el público en general. La información proporcionada no tiene como objetivo reemplazar el consejo de un profesional de la salud. La información proporcionada no está destinada al diagnóstico o tratamiento de problemas de salud o enfermedades.	SOLO PER SCOPI DI TEST/DEMOSTRAZIONE!! Questa applicazione è destinata esclusivamente per l'uso di test da parte di operatori sanitari. L'applicazione NON È CERTIFICATA MDR e pertanto non può essere utilizzata per scopi medici clinici. Questa applicazione è esclusivamente destinata ai test da parte di operatori sanitari. Non è destinata all'uso da parte dei pazienti o del pubblico in generale. Le informazioni fornite non hanno lo scopo di sostituire il consiglio di un professionista sanitario. Le informazioni fornite non sono destinate alla diagnosi o al trattamento di problemi di salute o malattie.
Disclaimer accept	I understand	Ik heb dit begrepen	Je comprends	Ich verstehe	Entiendo	Capisco
Settings	Settings	Instellingen	Paramètres	Einstellungen	Configuración	Impostazioni
Reload resources	Reload resources	Herladen resources	Recharger les ressources	Ressourcen neu laden	Recargar recursos	Ricarica risorse
Enter password	Enter password	Voer wachtwoord in	Entrer le mot de passe	Passwort eingeben	Ingrese contraseña	Inserisci password
Password	Password	Wachtwoord	Mot de passe	Passwort	Contraseña	Password
Invalid password	Invalid password	Ongeldig wachtwoord	Mot de passe invalide	Ungültiges Passwort	Contraseña inválida	Password non valida
Cancel	Cancel	Annuleren	Annuler	Abbrechen	Cancelar	Annulla
Confirm	Confirm	Bevestigen	Confirmer	Bestätigen	Confirmar	Conferma
Interactions Drug 1	Drug 1	Medicatie 1	Médicament 1	Medikament 1	Medicamento 1	Farmaco 1
Interactions Drug 2	Drug 2	Medicatie 2	Médicament 2	Medikament 2	Medicamento 2	Farmaco 2
Interactions Class	Interaction class	Interactie klasse	Classe d'interaction	Interaktionsklasse	Clase de interacción	Classe di interazione
Interactions None Found	No interactions found	Geen interacties gevonden	Aucune interaction trouvée	Keine Interaktionen gefunden	No se encontraron interacciones	Nessuna interazione trovata
Dose Types	Dose types	Doseer types	Types de dose	Dosierungstypen	Tipos de dosis	Tipi di dose
Dose Type	Dose type	Doseer type	Type de dose	Dosierungstyp	Tipo de dosis	Tipo di dose
Route	Route	Route	Voie	Route	Ruta	Via
Indication	Indication	Indicatie	Indication	Indikation	Indicación	Indicazione
Composition	Composition	Samenstelling	Composition	Zusammensetzung	Composición	Composizione
Form	Form	Vorm	Forme	Form	Forma	Forma
Pharmaceutical Form	Pharmaceutical form	Farmacologische Vorm	Forme pharmaceutique	Pharmazeutische Form	Forma farmacéutica	Forma farmaceutica
Diluent	Diluent	Verdunningsvorm	Diluant	Verdünnungsmittel	Diluyente	Diluente
Components	Components	Componenten	Composants	Komponenten	Componentes	Componenti
Patient Male	Male	Man	Homme	Männlich	Masculino	Maschio
Patient Female	Female	Vrouw	Femme	Weiblich	Femenino	Femmina
Patient Unknown Gender	Unknown	Onbekend	Inconnu	Unbekannt	Desconocido	Sconosciuto
Patient Gender	Gender	Geslacht	Sexe	Geschlecht	Sexo	Sesso
Patient Access	Access	Toegangen	Accès	Zugänge	Accesos	Accessi
Patient Enteral Tube	Enteral tube	Sonde	Sonde entérale	Magensonde	Sonda enteral	Sondino enterale
Patient Renal Function	Renal function	Nierfunctie	Fonction rénale	Nierenfunktion	Función renal	Funzione renale
Print	Print	Print	Imprimer	Drucken	Imprimir	Stampa
Not Configured	not configured	niet geconfigureerd	non configuré	nicht konfiguriert	no configurado	non configurato
Nutrition Parenteral	Parenteral Nutrition	Parenterale Voeding	Nutrition parentérale	Parenterale Ernährung	Nutrición parenteral	Nutrizione parenterale
Nutrition Parenteral Section	Parenteral	Parenteraal	Parentéral	Parenteral	Parenteral	Parenterale
Nutrition TPN	Total Parenteral Nutrition	Totale Parenterale Voeding	Nutrition parentérale totale	Totale parenterale Ernährung	Nutrición parenteral total	Nutrizione parenterale totale
Nutrition Enteral Feeding	Enteral Feeding	Enterale Voeding	Alimentation entérale	Enterale Ernährung	Alimentación enteral	Alimentazione enterale
Nutrition Enteral Supplement	Enteral Supplement	Enteraal Supplement	Supplément entéral	Enterales Supplement	Suplemento enteral	Supplemento enterale
Nutrition Add Supplement	Add Supplement	Supplement toevoegen	Ajouter un supplément	Supplement hinzufügen	Agregar suplemento	Aggiungi supplemento
Nutrition Lipids	Lipids	Vetten	Lipides	Lipide	Lípidos	Lipidi
Nutrition Electrolytes Glucose	Electrolytes/Glucose	Elektrolyten/Glucose	Électrolytes/Glucose	Elektrolyte/Glucose	Electrolitos/Glucosa	Elettroliti/Glucosio
Nutrition Remove Enteral Title	Remove enteral feeding	Enterale voeding verwijderen	Supprimer l'alimentation entérale	Enterale Ernährung entfernen	Eliminar alimentación enteral	Rimuovi alimentazione enterale
Nutrition Remove Enteral Text	If you remove the enteral feeding, all associated supplements will also be removed. Do you want to continue?	Als u de enterale voeding verwijdert, worden ook alle bijbehorende supplementen verwijderd. Wilt u doorgaan?	Si vous supprimez l'alimentation entérale, tous les suppléments associés seront également supprimés. Voulez-vous continuer ?	Wenn Sie die enterale Ernährung entfernen, werden auch alle zugehörigen Supplemente entfernt. Möchten Sie fortfahren?	Si elimina la alimentación enteral, también se eliminarán todos los suplementos asociados. ¿Desea continuar?	Se rimuovi l'alimentazione enterale, verranno rimossi anche tutti i supplementi associati. Vuoi continuare?
Interactions Medication	Medication	Medicatie	Médicament	Medikament	Medicamento	Farmaco
Session Gate Opening	Opening your session	Uw sessie wordt geopend	Ouverture de votre session	Ihre Sitzung wird geöffnet	Abriendo su sesión	Apertura della sessione
Session Gate Opening Text	Presenting the launch, attempt {0} of {1}.	Opstarten, poging {0} van {1}.	Présentation du lancement, tentative {0} sur {1}.	Der Start wird übermittelt, Versuch {0} von {1}.	Presentando el inicio, intento {0} de {1}.	Presentazione dell'avvio, tentativo {0} di {1}.
Session Gate Resuming	Resuming your session	Uw sessie wordt hervat	Reprise de votre session	Ihre Sitzung wird fortgesetzt	Reanudando su sesión	Ripresa della sessione
Session Gate Resuming Text	Checking for an open session.	Er wordt gecontroleerd op een open sessie.	Recherche d'une session ouverte.	Es wird nach einer offenen Sitzung gesucht.	Comprobando si hay una sesión abierta.	Verifica di una sessione aperta.
Session Gate Unreachable	GenPRES could not be reached	GenPRES is niet bereikbaar	GenPRES est injoignable	GenPRES ist nicht erreichbar	No se pudo conectar con GenPRES	GenPRES non è raggiungibile
Session Gate Unreachable Text	The server did not answer after {0} attempts.	De server antwoordde niet na {0} pogingen.	Le serveur n'a pas répondu après {0} tentatives.	Der Server hat nach {0} Versuchen nicht geantwortet.	El servidor no respondió tras {0} intentos.	Il server non ha risposto dopo {0} tentativi.
Session Gate Refused	GenPRES could not open your session	GenPRES kon uw sessie niet openen	GenPRES n'a pas pu ouvrir votre session	GenPRES konnte Ihre Sitzung nicht öffnen	GenPRES no pudo abrir su sesión	GenPRES non ha potuto aprire la sessione
Session Gate Try Again Or Relaunch	Try again, or open GenPRES again from MainEHR.	Probeer opnieuw, of open GenPRES opnieuw vanuit MetaVision.	Réessayez, ou ouvrez GenPRES à nouveau depuis MainEHR.	Versuchen Sie es erneut, oder öffnen Sie GenPRES erneut aus MainEHR.	Inténtelo de nuevo, o abra GenPRES de nuevo desde MainEHR.	Riprova, oppure apri di nuovo GenPRES da MainEHR.
Session Relaunch	Open GenPRES again from MainEHR.	Open GenPRES opnieuw vanuit MetaVision.	Ouvrez GenPRES à nouveau depuis MainEHR.	Öffnen Sie GenPRES erneut aus MainEHR.	Abra GenPRES de nuevo desde MainEHR.	Apri di nuovo GenPRES da MainEHR.
Session Retry	Try again.	Probeer opnieuw.	Réessayez.	Versuchen Sie es erneut.	Inténtelo de nuevo.	Riprova.
Session Refusal Expired	The launch has expired.	De launch is verlopen.	Le lancement a expiré.	Der Start ist abgelaufen.	El inicio ha caducado.	L'avvio è scaduto.
Session Refusal Spent	This launch has already been used.	Is reeds opgestart.	Ce lancement a déjà été utilisé.	Dieser Start wurde bereits verwendet.	Este inicio ya se ha utilizado.	Questo avvio è già stato utilizzato.
Session Refusal Invalid	The launch is not valid.	Kan niet opstarten.	Le lancement n'est pas valide.	Der Start ist ungültig.	El inicio no es válido.	L'avvio non è valido.
Session Refusal No Browser Identity	Your browser could not be identified.	Uw browser kon niet worden geïdentificeerd.	Votre navigateur n'a pas pu être identifié.	Ihr Browser konnte nicht identifiziert werden.	No se pudo identificar su navegador.	Non è stato possibile identificare il browser.
Session Refusal No Role	You have no role in GenPRES. You can continue without a launch: no patient is carried over.	U heeft geen rol in GenPRES. U kunt doorgaan zonder patient: U kunt niet opslaan.	Vous n'avez pas de rôle dans GenPRES. Vous pouvez continuer sans lancement : aucun patient n'est repris.	Sie haben keine Rolle in GenPRES. Sie können ohne Start fortfahren: es wird kein Patient übernommen.	No tiene ningún rol en GenPRES. Puede continuar sin inicio: no se transfiere ningún paciente.	Non hai alcun ruolo in GenPRES. Puoi continuare senza avvio: nessun paziente viene trasferito.
Session Refusal Wrong Patient	The patient active in MainEHR is not the patient of this launch. Activate the right patient and open GenPRES again from MainEHR.	De patiënt die actief is in MetaVision is niet de patiënt waarmee opgestart wordt. Activeer de juiste patiënt en open GenPRES opnieuw vanuit MetaVision.	Le patient actif dans MainEHR n'est pas le patient de ce lancement. Activez le bon patient et ouvrez GenPRES à nouveau depuis MainEHR.	Der in MainEHR aktive Patient ist nicht der Patient dieses Starts. Aktivieren Sie den richtigen Patienten und öffnen Sie GenPRES erneut aus MainEHR.	El paciente activo en MainEHR no es el paciente de este inicio. Active el paciente correcto y abra GenPRES de nuevo desde MainEHR.	Il paziente attivo in MainEHR non è il paziente di questo avvio. Attiva il paziente giusto e apri di nuovo GenPRES da MainEHR.
Session Try Again	Try again	Probeer opnieuw	Réessayer	Erneut versuchen	Intentar de nuevo	Riprova
Session Continue Without Launch	Continue without launch	Doorgaan zonder patient.	Continuer sans lancement	Ohne Start fortfahren	Continuar sin inicio	Continua senza avvio
Session Close	Close session	Sessie sluiten	Fermer la session	Sitzung schließen	Cerrar sesión	Chiudi sessione
Session Role Prescriber	Prescriber	Voorschrijver	Prescripteur	Verschreibende Person	Prescriptor	Prescrittore
Session Role Reader	Reader	Lezer	Lecteur	Leser	Lector	Lettore
Session Gate Ended	Your session was ended	Uw sessie is beëindigd	Votre session a été terminée	Ihre Sitzung wurde beendet	Su sesión ha finalizado	La sessione è stata terminata
Session Ending Superseded	Another launch of yours opened a newer session, and this one was closed.	Een andere start van u heeft een nieuwere sessie geopend; deze sessie is gesloten.	Un autre de vos lancements a ouvert une session plus récente, et celle-ci a été fermée.	Ein anderer Start von Ihnen hat eine neuere Sitzung geöffnet; diese wurde geschlossen.	Otro inicio suyo abrió una sesión más reciente, y esta se ha cerrado.	Un altro tuo avvio ha aperto una sessione più recente, e questa è stata chiusa.
Session Refusal Enrolment	A PIN has to be set before prescribing. Open GenPRES again from MainEHR.	Er moet een pincode worden ingesteld voordat u kunt voorschrijven. Open GenPRES opnieuw vanuit MetaVision.	Un code PIN doit être défini avant de prescrire. Ouvrez GenPRES à nouveau depuis MainEHR.	Vor dem Verschreiben muss eine PIN festgelegt werden. Öffnen Sie GenPRES erneut aus MainEHR.	Debe establecerse un PIN antes de prescribir. Abra GenPRES de nuevo desde MainEHR.	Prima di prescrivere è necessario impostare un PIN. Apri di nuovo GenPRES da MainEHR.
Session Gate Enrolment	Set a PIN to continue	Stel een pincode in om verder te gaan	Définissez un code PIN pour continuer	Legen Sie eine PIN fest, um fortzufahren	Establezca un PIN para continuar	Imposta un PIN per continuare
Session Gate Enrolment Text	Welcome, {0}. A confirmation code was mailed to {1}. Enter it together with the PIN of your choice: four to six digits.	Welkom, {0}. Er is een bevestigingscode gemaild naar {1}. Voer die in samen met de pincode van uw keuze: vier tot zes cijfers.	Bienvenue, {0}. Un code de confirmation a été envoyé à {1}. Saisissez-le avec le code PIN de votre choix : quatre à six chiffres.	Willkommen, {0}. Ein Bestätigungscode wurde an {1} gesendet. Geben Sie ihn zusammen mit der PIN Ihrer Wahl ein: vier bis sechs Ziffern.	Bienvenido, {0}. Se ha enviado un código de confirmación a {1}. Introdúzcalo junto con el PIN que elija: de cuatro a seis dígitos.	Benvenuto, {0}. Un codice di conferma è stato inviato a {1}. Inseriscilo insieme al PIN che preferisci: da quattro a sei cifre.
Session Enrolment Code	Confirmation code	Bevestigingscode	Code de confirmation	Bestätigungscode	Código de confirmación	Codice di conferma
Session Enrolment Pin	PIN	Pincode	Code PIN	PIN	PIN	PIN
Session Enrolment Pin Repeat	Repeat the PIN	Herhaal de pincode	Répétez le code PIN	PIN wiederholen	Repita el PIN	Ripeti il PIN
Session Enrolment Submit	Set PIN	Pincode instellen	Définir le code PIN	PIN festlegen	Establecer PIN	Imposta PIN
Session Enrolment Code Format	The confirmation code has six digits.	De bevestigingscode bestaat uit zes cijfers.	Le code de confirmation comporte six chiffres.	Der Bestätigungscode hat sechs Ziffern.	El código de confirmación tiene seis dígitos.	Il codice di conferma ha sei cifre.
Session Enrolment Pin Format	The PIN has four to six digits.	De pincode bestaat uit vier tot zes cijfers.	Le code PIN comporte quatre à six chiffres.	Die PIN hat vier bis sechs Ziffern.	El PIN tiene de cuatro a seis dígitos.	Il PIN ha da quattro a sei cifre.
Session Enrolment Pins Differ	The two PINs differ.	De twee pincodes verschillen.	Les deux codes PIN diffèrent.	Die beiden PINs stimmen nicht überein.	Los dos PIN no coinciden.	I due PIN non coincidono.
Session Enrolment Wrong Code	The code is not right. {0} tries left.	De code klopt niet. Nog {0} pogingen.	Le code est incorrect. {0} essais restants.	Der Code ist falsch. Noch {0} Versuche.	El código no es correcto. Quedan {0} intentos.	Il codice non è corretto. {0} tentativi rimasti.
Session Enrolment Code Void	The code is void after three wrong tries.	De code is na drie verkeerde pogingen niet meer geldig.	Le code est annulé après trois essais incorrects.	Nach drei falschen Versuchen ist der Code ungültig.	El código queda anulado tras tres intentos incorrectos.	Dopo tre tentativi errati il codice non è più valido.
Session Enrolment Expired	The enrolment has expired.	De inschrijving is verlopen.	L'inscription a expiré.	Die Registrierung ist abgelaufen.	La inscripción ha caducado.	La registrazione è scaduta.
Session Ending Pin Limit	The PIN was entered wrong three times, and signing is locked for a while.	De pincode is drie keer verkeerd ingevoerd; ondertekenen is een tijdje geblokkeerd.	Le code PIN a été saisi trois fois de manière incorrecte, et la signature est bloquée pour un moment.	Die PIN wurde dreimal falsch eingegeben; das Signieren ist eine Weile gesperrt.	El PIN se introdujo mal tres veces, y la firma queda bloqueada durante un tiempo.	Il PIN è stato inserito tre volte in modo errato, e la firma è bloccata per un po'.
Signing Sign	Ondertekenen	Ondertekenen	Signer	Signieren	Firmar	Firma
Signing Dialog Title	Onderteken het voorschrijfplan	Onderteken het voorschrijfplan	Signer le plan de traitement	Behandlungsplan signieren	Firmar el plan de tratamiento	Firma il piano di trattamento
Signing Dialog Text	Onderteken de voorschriften zoals getoond met uw pincode, of annuleer en pas aan.	Onderteken de voorschriften zoals getoond met uw pincode, of annuleer en pas aan.	Signez les ordonnances telles qu'affichées avec votre code PIN, ou annulez et modifiez.	Signieren Sie die Anweisungen wie angezeigt mit Ihrer PIN, oder brechen Sie ab und passen Sie an.	Firme las órdenes tal como se muestran con su PIN, o cancele y ajuste.	Firma le prescrizioni come mostrate con il tuo PIN, oppure annulla e modifica.
Signing Pin	Pincode	Pincode	Code PIN	PIN	PIN	PIN
Signing Cancel	Annuleren	Annuleren	Annuler	Abbrechen	Cancelar	Annulla
Signing Proceed	Doorgaan	Doorgaan	Continuer	Fortfahren	Continuar	Continua
Signing Signed	Versie {0} is ondertekend door {1}.	Versie {0} is ondertekend door {1}.	La version {0} a été signée par {1}.	Version {0} wurde von {1} signiert.	La versión {0} ha sido firmada por {1}.	La versione {0} è stata firmata da {1}.
Signing Data Changed	De patiëntgegevens zijn gewijzigd sinds de sessie werd geopend. Ze worden getoond zoals ze nu zijn; ga door om daarover te ondertekenen, of annuleer.	De patiëntgegevens zijn gewijzigd sinds de sessie werd geopend. Ze worden getoond zoals ze nu zijn; ga door om daarover te ondertekenen, of annuleer.	Les données du patient ont changé depuis l'ouverture de la session. Elles sont affichées telles qu'elles sont maintenant ; continuez pour signer sur celles-ci, ou annulez.	Die Patientendaten haben sich seit dem Öffnen der Sitzung geändert. Sie werden angezeigt, wie sie jetzt sind; fahren Sie fort, um darüber zu signieren, oder brechen Sie ab.	Los datos del paciente han cambiado desde que se abrió la sesión. Se muestran tal como son ahora; continúe para firmar sobre ellos, o cancele.	I dati del paziente sono cambiati da quando la sessione è stata aperta. Sono mostrati come sono ora; continua per firmare su di essi, oppure annulla.
Signing Data Unverified	De patiëntgegevens konden niet worden geverifieerd. Ga door om te ondertekenen over de gegevens waarmee de sessie is geopend, of annuleer.	De patiëntgegevens konden niet worden geverifieerd. Ga door om te ondertekenen over de gegevens waarmee de sessie is geopend, of annuleer.	Les données du patient n'ont pas pu être vérifiées. Continuez pour signer sur les données avec lesquelles la session a été ouverte, ou annulez.	Die Patientendaten konnten nicht überprüft werden. Fahren Sie fort, um über die Daten zu signieren, mit denen die Sitzung geöffnet wurde, oder brechen Sie ab.	No se pudieron verificar los datos del paciente. Continúe para firmar sobre los datos con los que se abrió la sesión, o cancele.	Non è stato possibile verificare i dati del paziente. Continua per firmare sui dati con cui è stata aperta la sessione, oppure annulla.
Signing Refusal No Session	Er is geen sessie om in te ondertekenen. Open GenPRES opnieuw vanuit MainEHR.	Er is geen sessie om in te ondertekenen. Open GenPRES opnieuw vanuit MainEHR.	Il n'y a pas de session dans laquelle signer. Ouvrez GenPRES à nouveau depuis MainEHR.	Es gibt keine Sitzung, in der signiert werden kann. Öffnen Sie GenPRES erneut aus MainEHR.	No hay ninguna sesión en la que firmar. Abra GenPRES de nuevo desde MainEHR.	Non c'è alcuna sessione in cui firmare. Apri di nuovo GenPRES da MainEHR.
Signing Refusal No Patient	Het plan hoort niet bij de patiënt van deze sessie.	Het plan hoort niet bij de patiënt van deze sessie.	Le plan n'appartient pas au patient de cette session.	Der Plan gehört nicht zum Patienten dieser Sitzung.	El plan no pertenece al paciente de esta sesión.	Il piano non appartiene al paziente di questa sessione.
Signing Refusal Not Prescriber	Alleen een voorschrijver kan ondertekenen.	Alleen een voorschrijver kan ondertekenen.	Seul un prescripteur peut signer.	Nur eine verschreibende Person kann signieren.	Solo un prescriptor puede firmar.	Solo un prescrittore può firmare.
Signing Refusal Blocked	{0} heeft om {1} een nieuwere versie ondertekend. Open de patiënt opnieuw om daarvan verder te gaan.	{0} heeft om {1} een nieuwere versie ondertekend. Open de patiënt opnieuw om daarvan verder te gaan.	{0} a signé une version plus récente à {1}. Ouvrez le patient à nouveau pour continuer à partir de celle-ci.	{0} hat um {1} eine neuere Version signiert. Öffnen Sie den Patienten erneut, um von dieser fortzufahren.	{0} firmó una versión más reciente a las {1}. Abra el paciente de nuevo para continuar desde ella.	{0} ha firmato una versione più recente alle {1}. Apri di nuovo il paziente per continuare da quella.
Signing Refusal Stale Token	De sessie is niet actueel. Laad de pagina opnieuw.	De sessie is niet actueel. Laad de pagina opnieuw.	La session n'est pas à jour. Rechargez la page.	Die Sitzung ist nicht aktuell. Laden Sie die Seite neu.	La sesión no está actualizada. Recargue la página.	La sessione non è aggiornata. Ricarica la pagina.
Signing Refusal Challenge Mismatch	Het plan is gewijzigd sinds het werd getoond. Onderteken opnieuw.	Het plan is gewijzigd sinds het werd getoond. Onderteken opnieuw.	Le plan a changé depuis son affichage. Signez à nouveau.	Der Plan hat sich seit der Anzeige geändert. Signieren Sie erneut.	El plan ha cambiado desde que se mostró. Firme de nuevo.	Il piano è cambiato da quando è stato mostrato. Firma di nuovo.
Signing Refusal Challenge Expired	Het ondertekenen duurde te lang. Onderteken opnieuw.	Het ondertekenen duurde te lang. Onderteken opnieuw.	La signature a pris trop de temps. Signez à nouveau.	Das Signieren hat zu lange gedauert. Signieren Sie erneut.	La firma tardó demasiado. Firme de nuevo.	La firma ha richiesto troppo tempo. Firma di nuovo.
Signing Refusal Pin Wrong	De pincode klopt niet. Nog {0} pogingen.	De pincode klopt niet. Nog {0} pogingen.	Le code PIN est incorrect. {0} essais restants.	Die PIN ist falsch. Noch {0} Versuche.	El PIN no es correcto. Quedan {0} intentos.	Il PIN non è corretto. {0} tentativi rimasti.
Signing Refusal Pin Limit	De pincode is drie keer verkeerd ingevoerd. Uw sessie is beëindigd en ondertekenen is een tijdje geblokkeerd.	De pincode is drie keer verkeerd ingevoerd. Uw sessie is beëindigd en ondertekenen is een tijdje geblokkeerd.	Le code PIN a été saisi trois fois de manière incorrecte. Votre session a été terminée et la signature est bloquée pour un moment.	Die PIN wurde dreimal falsch eingegeben. Ihre Sitzung wurde beendet und das Signieren ist eine Weile gesperrt.	El PIN se introdujo mal tres veces. Su sesión ha finalizado y la firma queda bloqueada durante un tiempo.	Il PIN è stato inserito tre volte in modo errato. La sessione è stata terminata e la firma è bloccata per un po'.
Signing Refusal Locked	Ondertekenen is geblokkeerd tot {0}.	Ondertekenen is geblokkeerd tot {0}.	La signature est bloquée jusqu'à {0}.	Das Signieren ist bis {0} gesperrt.	La firma está bloqueada hasta las {0}.	La firma è bloccata fino alle {0}.
Signing Send Failed	The signature could not be sent. Try again.	De handtekening kon niet worden verstuurd. Probeer het opnieuw.	La signature n'a pas pu être envoyée. Réessayez.	Die Signatur konnte nicht gesendet werden. Versuchen Sie es erneut.	No se pudo enviar la firma. Inténtelo de nuevo.	Non è stato possibile inviare la firma. Riprova.
Session Newer Version	{0} signed a newer version at {1}.	{0} heeft om {1} een nieuwere versie ondertekend.	{0} a signé une version plus récente à {1}.	{0} hat um {1} eine neuere Version signiert.	{0} firmó una versión más reciente a las {1}.	{0} ha firmato una versione più recente alle {1}.
Session Open Newest	Open the newest version	Open de nieuwste versie	Ouvrir la version la plus récente	Neueste Version öffnen	Abrir la versión más reciente	Apri la versione più recente
Session Version Opened	Version {0} by {1} is now open.	Versie {0} van {1} is nu geopend.	La version {0} de {1} est maintenant ouverte.	Version {0} von {1} ist jetzt geöffnet.	La versión {0} de {1} está ahora abierta.	La versione {0} di {1} è ora aperta.
Prescribe Refusal	No dose can be shown	Er kan geen dosering worden getoond	Aucune dose ne peut être affichée	Es kann keine Dosis angezeigt werden	No se puede mostrar ninguna dosis	Non è possibile mostrare alcuna dose
Prescribe Refusal No dose rules	There is no dose rule for {0}	Er is geen doseerregel voor {0}	Il n'y a pas de règle de dosage pour {0}	Es gibt keine Dosierregel für {0}	No hay ninguna regla de dosificación para {0}	Non esiste alcuna regola di dosaggio per {0}
Prescribe Refusal Patient	There are dose rules for {0}, but none covers the age, weight or department of this patient	Er zijn doseerregels voor {0}, maar geen ervan dekt de leeftijd, het gewicht of de afdeling van deze patiënt	Il existe des règles de dosage pour {0}, mais aucune ne couvre l'âge, le poids ou le service de ce patient	Es gibt Dosierregeln für {0}, aber keine deckt das Alter, das Gewicht oder die Abteilung dieses Patienten ab	Hay reglas de dosificación para {0}, pero ninguna cubre la edad, el peso o el departamento de este paciente	Esistono regole di dosaggio per {0}, ma nessuna copre l'età, il peso o il reparto di questo paziente
Prescribe Refusal No products	There are dose rules for {0} that cover this patient, but none has a product and dose type to prescribe	Er zijn doseerregels voor {0} die deze patiënt dekken, maar geen ervan heeft een product en doseertype om voor te schrijven	Il existe des règles de dosage pour {0} qui couvrent ce patient, mais aucune n'a de produit et de type de dose à prescrire	Es gibt Dosierregeln für {0}, die diesen Patienten abdecken, aber keine hat ein Produkt und einen Dosierungstyp zum Verschreiben	Hay reglas de dosificación para {0} que cubren a este paciente, pero ninguna tiene un producto y un tipo de dosis que prescribir	Esistono regole di dosaggio per {0} che coprono questo paziente, ma nessuna ha un prodotto e un tipo di dose da prescrivere
Prescribe Refusal Contact	Report this to the pharmacy or the application manager, so that the rule can be added	Meld dit bij de apotheek of de applicatiebeheerder, zodat de regel kan worden toegevoegd	Signalez-le à la pharmacie ou au gestionnaire de l'application, afin que la règle puisse être ajoutée	Melden Sie dies der Apotheke oder dem Anwendungsverantwortlichen, damit die Regel hinzugefügt werden kann	Comuníquelo a la farmacia o al responsable de la aplicación, para que se pueda añadir la regla	Segnalalo alla farmacia o al responsabile dell'applicazione, in modo che la regola possa essere aggiunta
Order Argumentation	Argumentation	Argumentatie	Argumentation	Begründung	Argumentación	Argomentazione
Order Argumentation Helper	why the dose differs from what the rules allow	waarom de dosering afwijkt van wat de regels toestaan	pourquoi la dose diffère de ce que les règles autorisent	warum die Dosis von dem abweicht, was die Regeln zulassen	por qué la dosis difiere de lo que permiten las reglas	perché la dose differisce da quanto consentito dalle regole
Order Plan Frequency	Frequency	Frequentie	Fréquence	Häufigkeit	Frecuencia	Frequenza
Pick a value	pick a value	kies een waarde	choisir une valeur	einen Wert wählen	elegir un valor	scegli un valore
Pick the median	to the median	naar mediaan	vers la médiane	zum Median	a la mediana	alla mediana
Step to minimum	to the minimum	naar minimum	vers le minimum	zum Minimum	al mínimo	al minimo
Step lower	lower	lager	plus bas	niedriger	más bajo	più basso
Step higher	higher	hoger	plus haut	höher	más alto	più alto
Step to maximum	to the maximum	naar maximum	vers le maximum	zum Maximum	al máximo	al massimo
Step large down	large step down	grote stap omlaag	grand pas vers le bas	großer Schritt nach unten	paso grande hacia abajo	passo grande verso il basso
Step down	step down	stap omlaag	pas vers le bas	Schritt nach unten	paso hacia abajo	passo verso il basso
Step up	step up	stap omhoog	pas vers le haut	Schritt nach oben	paso hacia arriba	passo verso l'alto
Step large up	large step up	grote stap omhoog	grand pas vers le haut	großer Schritt nach oben	paso grande hacia arriba	passo grande verso l'alto
Patient Reset Dialog Title	Clear patient data	Patiëntgegevens wissen	Effacer les données du patient	Patientendaten löschen	Borrar los datos del paciente	Cancella i dati del paziente
Patient Reset Dialog Text	The age, the weight, the height and the other data of the patient are cleared. Do you want to continue?	De leeftijd, het gewicht, de lengte en de overige gegevens van de patiënt worden gewist. Wilt u doorgaan?	L'âge, le poids, la taille et les autres données du patient seront effacés. Voulez-vous continuer ?	Das Alter, das Gewicht, die Größe und die übrigen Daten des Patienten werden gelöscht. Möchten Sie fortfahren?	Se borrarán la edad, el peso, la talla y los demás datos del paciente. ¿Desea continuar?	L'età, il peso, l'altezza e gli altri dati del paziente verranno cancellati. Vuoi continuare?
Patient Reset Dialog Text Identified	The weight, the height and the other data of the patient are cleared; the age stays, as the EHR gave it. Do you want to continue?	Het gewicht, de lengte en de overige gegevens van de patiënt worden gewist; de leeftijd blijft, zoals het EPD die gaf. Wilt u doorgaan?	Le poids, la taille et les autres données du patient seront effacés ; l'âge reste, tel que le DPI l'a donné. Voulez-vous continuer ?	Das Gewicht, die Größe und die übrigen Daten des Patienten werden gelöscht; das Alter bleibt, wie die Patientenakte es angab. Möchten Sie fortfahren?	Se borrarán el peso, la talla y los demás datos del paciente; la edad se mantiene, tal como la dio la HCE. ¿Desea continuar?	Il peso, l'altezza e gli altri dati del paziente verranno cancellati; l'età resta, come data dalla cartella clinica. Vuoi continuare?
Patient Id	Patient ID	Patiënt-ID	ID du patient	Patienten-ID	ID del paciente	ID paziente
Patient Department	Department	Afdeling	Service	Abteilung	Departamento	Reparto
Patient Department Default	The default department: no department was chosen	De standaardafdeling: er is geen afdeling gekozen	Le service par défaut : aucun service n'a été choisi	Die Standardabteilung: es wurde keine Abteilung gewählt	El departamento predeterminado: no se ha elegido ningún departamento	Il reparto predefinito: non è stato scelto alcun reparto
Patient Department Chosen	Chosen for this patient	Gekozen voor deze patiënt	Choisi pour ce patient	Für diesen Patienten gewählt	Elegido para este paciente	Scelto per questo paziente
Patient Department Launched	Passed on by the system that opened GenPRES	Meegegeven door het systeem dat GenPRES opende	Transmis par le système qui a ouvert GenPRES	Übergeben vom System, das GenPRES geöffnet hat	Transmitido por el sistema que abrió GenPRES	Trasmesso dal sistema che ha aperto GenPRES
Patient Context Held Title	The patient data cannot be changed	Patiëntgegevens kunnen niet worden gewijzigd	Les données du patient ne peuvent pas être modifiées	Die Patientendaten können nicht geändert werden	Los datos del paciente no se pueden cambiar	I dati del paziente non possono essere modificati
Patient Context Held	The order plan has new or changed orders. Sign the order plan to change the patient data, or let those orders go.	Het orderplan heeft nieuwe of gewijzigde orders. Onderteken het orderplan om de patiëntgegevens te wijzigen, of laat die orders vervallen.	Le plan de traitement contient des ordonnances nouvelles ou modifiées. Signez le plan de traitement pour modifier les données du patient, ou abandonnez ces ordonnances.	Der Behandlungsplan enthält neue oder geänderte Anweisungen. Signieren Sie den Behandlungsplan, um die Patientendaten zu ändern, oder lassen Sie diese Anweisungen fallen.	El plan de tratamiento tiene órdenes nuevas o modificadas. Firme el plan de tratamiento para cambiar los datos del paciente, o descarte esas órdenes.	Il piano di trattamento contiene prescrizioni nuove o modificate. Firma il piano di trattamento per modificare i dati del paziente, oppure lascia cadere quelle prescrizioni.
Patient Context Held Remove	Remove new and changed orders	Verwijder nieuwe en gewijzigde orders	Supprimer les ordonnances nouvelles et modifiées	Neue und geänderte Anweisungen entfernen	Eliminar las órdenes nuevas y modificadas	Rimuovi le prescrizioni nuove e modificate
Session Open Last Signed	Open the last signed order plan	Open het laatst ondertekende orderplan	Ouvrir le dernier plan de traitement signé	Den zuletzt signierten Behandlungsplan öffnen	Abrir el último plan de tratamiento firmado	Apri l'ultimo piano di trattamento firmato
Patient Refresh	Refresh from the EHR	Ververs uit het EPD	Actualiser depuis le DPI	Aus der Patientenakte aktualisieren	Actualizar desde la HCE	Aggiorna dalla cartella clinica
Session Ending Unreadable	This session could not be read back after an update of GenPRES.	Deze sessie kon na een update van GenPRES niet meer worden gelezen.	Cette session n'a pas pu être relue après une mise à jour de GenPRES.	Diese Sitzung konnte nach einer Aktualisierung von GenPRES nicht mehr gelesen werden.	Esta sesión no se pudo volver a leer tras una actualización de GenPRES.	Questa sessione non è stata rileggibile dopo un aggiornamento di GenPRES.
Session Ending Idle	This session was not used for too long and was closed, so that nothing is prescribed on patient data read long ago.	Deze sessie is te lang niet gebruikt en is gesloten, zodat er niets wordt voorgeschreven op patiëntgegevens van lang geleden.	Cette session est restée inutilisée trop longtemps et a été fermée, afin que rien ne soit prescrit sur des données du patient lues il y a longtemps.	Diese Sitzung wurde zu lange nicht verwendet und wurde geschlossen, damit nichts auf lange zurückliegend gelesenen Patientendaten verschrieben wird.	Esta sesión estuvo demasiado tiempo sin usarse y se cerró, para que no se prescriba nada sobre datos del paciente leídos hace mucho.	Questa sessione è rimasta inutilizzata troppo a lungo ed è stata chiusa, perché nulla venga prescritto su dati del paziente letti molto tempo fa.
Signing Data Changed Held	The patient data changed since the session opened, but the plan has new or changed orders composed on the data as it was. Continue to sign over the data as it was; the new data applies after the sign. Or cancel.	De patiëntgegevens zijn gewijzigd sinds de sessie werd geopend, maar het plan heeft nieuwe of gewijzigde orders die op de oude gegevens zijn samengesteld. Ga door om te ondertekenen over de gegevens zoals ze waren; de nieuwe gegevens gelden na het ondertekenen. Of annuleer.	Les données du patient ont changé depuis l'ouverture de la session, mais le plan contient des ordonnances nouvelles ou modifiées composées sur les données telles qu'elles étaient. Continuez pour signer sur les données telles qu'elles étaient ; les nouvelles données s'appliquent après la signature. Ou annulez.	Die Patientendaten haben sich seit dem Öffnen der Sitzung geändert, aber der Plan enthält neue oder geänderte Anweisungen, die auf den bisherigen Daten erstellt wurden. Fahren Sie fort, um über die bisherigen Daten zu signieren; die neuen Daten gelten nach der Signatur. Oder brechen Sie ab.	Los datos del paciente han cambiado desde que se abrió la sesión, pero el plan tiene órdenes nuevas o modificadas compuestas sobre los datos tal como estaban. Continúe para firmar sobre los datos tal como estaban; los nuevos datos se aplican tras la firma. O cancele.	I dati del paziente sono cambiati da quando la sessione è stata aperta, ma il piano contiene prescrizioni nuove o modificate composte sui dati com'erano. Continua per firmare sui dati com'erano; i nuovi dati valgono dopo la firma. Oppure annulla.
Signing Refusal Store Failed	The version could not be stored. Nothing changed; sign again.	De versie kon niet worden opgeslagen. Er is niets gewijzigd; onderteken opnieuw.	La version n'a pas pu être enregistrée. Rien n'a changé ; signez à nouveau.	Die Version konnte nicht gespeichert werden. Nichts wurde geändert; signieren Sie erneut.	No se pudo guardar la versión. Nada ha cambiado; firme de nuevo.	Non è stato possibile salvare la versione. Nulla è cambiato; firma di nuovo.
Signing Refusal Plan Unreadable	The plan could not be read. Reload the page and sign again.	Het plan kon niet worden gelezen. Laad de pagina opnieuw en onderteken opnieuw.	Le plan n'a pas pu être lu. Rechargez la page et signez à nouveau.	Der Plan konnte nicht gelesen werden. Laden Sie die Seite neu und signieren Sie erneut.	No se pudo leer el plan. Recargue la página y firme de nuevo.	Non è stato possibile leggere il piano. Ricarica la pagina e firma di nuovo.
Signing Refusal Context Differs	An order in the plan was composed on other patient data. Remove the new and changed orders and prescribe them again.	Een order in het plan is samengesteld op andere patiëntgegevens. Verwijder de nieuwe en gewijzigde orders en schrijf ze opnieuw voor.	Une ordonnance du plan a été composée sur d'autres données du patient. Supprimez les ordonnances nouvelles et modifiées et prescrivez-les à nouveau.	Eine Anweisung im Plan wurde auf anderen Patientendaten erstellt. Entfernen Sie die neuen und geänderten Anweisungen und verschreiben Sie sie erneut.	Una orden del plan se compuso sobre otros datos del paciente. Elimine las órdenes nuevas y modificadas y prescríbalas de nuevo.	Una prescrizione del piano è stata composta su altri dati del paziente. Rimuovi le prescrizioni nuove e modificate e prescrivile di nuovo.
Signing New	New	Nieuw	Nouveau	Neu	Nuevo	Nuovo
Signing Changed	Changed	Gewijzigd	Modifié	Geändert	Modificado	Modificato
Signing Removed	Removed	Verwijderd	Supprimé	Entfernt	Eliminado	Rimosso
Signing No Changes	No order changed since the last signed version.	Geen order gewijzigd sinds de laatst ondertekende versie.	Aucune ordonnance n'a changé depuis la dernière version signée.	Keine Anweisung seit der zuletzt signierten Version geändert.	Ninguna orden ha cambiado desde la última versión firmada.	Nessuna prescrizione è cambiata dall'ultima versione firmata.
Plan Context Locked	Calculated with other patient data; this order cannot be changed	Berekend met andere patiëntgegevens; deze order kan niet worden aangepast	Calculé avec d'autres données du patient ; cette ordonnance ne peut pas être modifiée	Mit anderen Patientendaten berechnet; diese Anweisung kann nicht geändert werden	Calculado con otros datos del paciente; esta orden no se puede modificar	Calcolato con altri dati del paziente; questa prescrizione non può essere modificata
Session Refresh Failed	The patient data could not be read from the EHR again. Nothing changed; the orders are as they were.	De patiëntgegevens konden niet opnieuw uit het EPD worden gelezen. Er is niets gewijzigd; de orders zijn zoals ze waren.	Les données du patient n'ont pas pu être relues depuis le DPI. Rien n'a changé ; les ordonnances sont telles qu'elles étaient.	Die Patientendaten konnten nicht erneut aus der Patientenakte gelesen werden. Nichts wurde geändert; die Anweisungen sind wie zuvor.	No se pudieron volver a leer los datos del paciente desde la HCE. Nada ha cambiado; las órdenes están como estaban.	Non è stato possibile rileggere i dati del paziente dalla cartella clinica. Nulla è cambiato; le prescrizioni sono come erano.
Patient Needed Dose Check	The dose check needs a patient	De doseercontrole heeft een patiënt nodig	Le contrôle de dose nécessite un patient	Die Dosiskontrolle benötigt einen Patienten	El control de dosis necesita un paciente	Il controllo della dose richiede un paziente
Patient Needed Plan Medication	The medication of the order plan needs a patient	De medicatie van het orderplan heeft een patiënt nodig	La médication du plan de traitement nécessite un patient	Die Medikation des Behandlungsplans benötigt einen Patienten	La medicación del plan de tratamiento necesita un paciente	La terapia del piano di trattamento richiede un paziente
Patient Age unknown	Age unknown: enter it, what depends on the age is left out	Leeftijd onbekend: voer die in, wat van de leeftijd afhangt wordt weggelaten	Âge inconnu : saisissez-le, ce qui dépend de l'âge est omis	Alter unbekannt: geben Sie es ein, was vom Alter abhängt wird weggelassen	Edad desconocida: introdúzcala, lo que depende de la edad se omite	Età sconosciuta: inseriscila, ciò che dipende dall'età viene omesso
Patient Gestational age unknown	Gestational age unknown: enter it, the patient is younger than 28 weeks	Zwangerschapstermijn onbekend: voer die in, de patiënt is jonger dan 28 weken	Âge gestationnel inconnu : saisissez-le, le patient a moins de 28 semaines	Schwangerschaftsalter unbekannt: geben Sie es ein, der Patient ist jünger als 28 Wochen	Edad gestacional desconocida: introdúzcala, el paciente tiene menos de 28 semanas	Età gestazionale sconosciuta: inseriscila, il paziente ha meno di 28 settimane
Startup Gate Starting	Starting GenPRES	GenPRES wordt gestart	Démarrage de GenPRES	GenPRES wird gestartet	Iniciando GenPRES	Avvio di GenPRES
Startup Gate Starting Text	Loading what GenPRES needs to start.	Wat GenPRES nodig heeft om te starten wordt geladen.	Chargement de ce dont GenPRES a besoin pour démarrer.	Was GenPRES zum Starten braucht, wird geladen.	Cargando lo que GenPRES necesita para iniciarse.	Caricamento di ciò che serve a GenPRES per avviarsi.
Startup Gate Failed	GenPRES could not start	GenPRES kon niet starten	GenPRES n'a pas pu démarrer	GenPRES konnte nicht starten	GenPRES no pudo iniciarse	GenPRES non è riuscito ad avviarsi
Startup Gate Failed Text	Not loaded: {0}. Reload the page to try again.	Niet geladen: {0}. Herlaad de pagina om het opnieuw te proberen.	Non chargé : {0}. Rechargez la page pour réessayer.	Nicht geladen: {0}. Laden Sie die Seite neu, um es erneut zu versuchen.	No se cargó: {0}. Recargue la página para intentarlo de nuevo.	Non caricato: {0}. Ricarica la pagina per riprovare.
Startup Load Localization	the translations	de vertalingen	les traductions	die Übersetzungen	las traducciones	le traduzioni
Startup Load Normal Values	the normal values	de normaalwaarden	les valeurs normales	die Normalwerte	los valores normales	i valori normali
Startup Load Bolus Medication	the emergency list	de noodlijst	la liste d'urgence	die Notfallliste	la lista de emergencia	la lista d'emergenza
Startup Load Continuous Medication	the continuous medication list	de infuuspomplijst	la liste de médication continue	die Dauermedikationsliste	la lista de medicación continua	l'elenco della terapia continua
Startup Load Products	the products	de producten	les produits	die Produkte	los productos	i prodotti
Url Leave Title	Leave the order plan?	Orderplan verlaten?	Quitter le plan de traitement ?	Behandlungsplan verlassen?	¿Salir del plan de tratamiento?	Uscire dal piano di trattamento?
Url Leave Text	The new and changed orders and the medication being prescribed are lost. Do you want to continue?	De nieuwe en gewijzigde orders en de medicatie die wordt voorgeschreven gaan verloren. Wilt u doorgaan?	Les prescriptions nouvelles et modifiées et le médicament en cours de prescription seront perdus. Voulez-vous continuer ?	Die neuen und geänderten Verordnungen und das Medikament, das gerade verordnet wird, gehen verloren. Möchten Sie fortfahren?	Se perderán las órdenes nuevas y modificadas y la medicación que se está prescribiendo. ¿Desea continuar?	Le prescrizioni nuove e modificate e il farmaco in prescrizione andranno persi. Vuoi continuare?
Url Leave	Leave	Verlaten	Quitter	Verlassen	Salir	Esci
Url Leave Session Title	Leave the Session?	Sessie verlaten?	Quitter la session ?	Sitzung verlassen?	¿Salir de la sesión?	Uscire dalla sessione?
Url Leave Session Text	The Session with the patient from the EHR is closed and the patient from the url is used, without a Session. New and changed orders and the medication being prescribed are lost. Do you want to continue?	De sessie met de patiënt uit het EPD wordt gesloten en de patiënt uit de url wordt gebruikt, zonder sessie. Nieuwe en gewijzigde orders en de medicatie die wordt voorgeschreven gaan verloren. Wilt u doorgaan?	La session avec le patient du DPI est fermée et le patient de l'url est utilisé, sans session. Les prescriptions nouvelles et modifiées et le médicament en cours de prescription seront perdus. Voulez-vous continuer ?	Die Sitzung mit dem Patienten aus der Patientenakte wird geschlossen und der Patient aus der URL wird verwendet, ohne Sitzung. Neue und geänderte Verordnungen und das Medikament, das gerade verordnet wird, gehen verloren. Möchten Sie fortfahren?	Se cierra la sesión con el paciente de la HCE y se usa el paciente de la url, sin sesión. Se perderán las órdenes nuevas y modificadas y la medicación que se está prescribiendo. ¿Desea continuar?	La sessione con il paziente dalla cartella clinica viene chiusa e si usa il paziente dall'url, senza sessione. Le prescrizioni nuove e modificate e il farmaco in prescrizione andranno persi. Vuoi continuare?
Url Leave Launch Text	The Session is closed and the new Session from the EHR is opened. New and changed orders and the medication being prescribed are lost. Do you want to continue?	De sessie wordt gesloten en de nieuwe sessie uit het EPD wordt geopend. Nieuwe en gewijzigde orders en de medicatie die wordt voorgeschreven gaan verloren. Wilt u doorgaan?	La session est fermée et la nouvelle session du DPI est ouverte. Les prescriptions nouvelles et modifiées et le médicament en cours de prescription seront perdus. Voulez-vous continuer ?	Die Sitzung wird geschlossen und die neue Sitzung aus der Patientenakte wird geöffnet. Neue und geänderte Verordnungen und das Medikament, das gerade verordnet wird, gehen verloren. Möchten Sie fortfahren?	Se cierra la sesión y se abre la nueva sesión de la HCE. Se perderán las órdenes nuevas y modificadas y la medicación que se está prescribiendo. ¿Desea continuar?	La sessione viene chiusa e si apre la nuova sessione dalla cartella clinica. Le prescrizioni nuove e modificate e il farmaco in prescrizione andranno persi. Vuoi continuare?
Url Launch Signing	The launch from the EHR was not opened: a signature is under way. Open the patient again from the EHR.	De start vanuit het EPD is niet geopend: er wordt ondertekend. Open de patiënt opnieuw vanuit het EPD.	Le lancement depuis le DPI n'a pas été ouvert : une signature est en cours. Ouvrez à nouveau le patient depuis le DPI.	Der Start aus der Patientenakte wurde nicht geöffnet: eine Signatur läuft. Öffnen Sie den Patienten erneut aus der Patientenakte.	El inicio desde la HCE no se abrió: hay una firma en curso. Abra de nuevo al paciente desde la HCE.	L'avvio dalla cartella clinica non è stato aperto: è in corso una firma. Riapra il paziente dalla cartella clinica.
